{"feature_probs": {"Fake": {"url_bad": 8.18165231741211e-07, "punct_bad": 0.008009019453514715, "url_good": 8.18165231741211e-07, "real_kw": 0.008689732926323402, "spell_bad": 0.9786017065290403, "fake_kw": 0.004697904760658034}, "Real": {"url_bad": 9.749106738095122e-07, "punct_bad": 0.0006005449750666595, "url_good": 9.749106738095122e-07, "real_kw": 0.009105665693380845, "spell_bad": 0.9877200251526954, "fake_kw": 0.0025718143575094933}}, "P_Fake": 0.5229854336496058, "P_Real": 0.47701456635039424}