{"feature_probs": {"Fake": {"punct_bad": 0.16666666666666666, "real_kw": 0.16666666666666666, "url_good": 0.16666666666666666, "url_bad": 0.16666666666666666, "spell_bad": 0.16666666666666666, "fake_kw": 0.16666666666666666}, "Real": {"punct_bad": 0.009345794392523364, "real_kw": 0.028037383177570093, "url_good": 0.028037383177570093, "url_bad": 0.018691588785046728, "spell_bad": 0.9065420560747663, "fake_kw": 0.009345794392523364}}, "P_Fake": 0.3333333333333333, "P_Real": 0.6666666666666666, "fake": {}, "real": {"fake_kw": 0, "real_kw": 3, "punct_bad": 0, "spell_bad": 167, "url_good": 2, "url_bad": 1}, "fake_docs": 0, "real_docs": 1}