{
  "feature_probs": {
    "Fake": {
      "url_bad": 0.16666666666666666,
      "punct_bad": 0.16666666666666666,
      "fake_kw": 0.16666666666666666,
      "spell_bad": 0.16666666666666666,
      "real_kw": 0.16666666666666666,
      "url_good": 0.16666666666666666
    },
    "Real": {
      "url_bad": 0.0111731843575419,
      "punct_bad": 0.00558659217877095,
      "fake_kw": 0.00558659217877095,
      "spell_bad": 0.9385474860335196,
      "real_kw": 0.0223463687150838,
      "url_good": 0.01675977653631285
    }
  },
  "P_Fake": 0.3333333333333333,
  "P_Real": 0.6666666666666666
}